recording,channel,mean_PSD,std_PSD,number_of_segments
00000021_s003_t000.csv,P3,4.535238976757688,176.37980081676736,824
00000021_s003_t000.csv,P4,2.4997469430488386,91.02372392226877,824
